Week,Player,Elo,Matches,Wins,Losses,Draws,DeltaElo
25-12-6_brainstormin_charity_tournament,Amber Cronin,1439.61,5,0,4,1,0.0
26-2-13,Amber Cronin,1470.63,10,3,6,1,31.02
26-2-20,Amber Cronin,1470.63,10,3,6,1,0.0
26-2-27,Amber Cronin,1470.63,10,3,6,1,0.0
26-3-07,Amber Cronin,1470.63,10,3,6,1,0.0
26-3-13,Amber Cronin,1470.63,10,3,6,1,0.0
26-3-20,Amber Cronin,1462.4,15,5,9,1,-8.23
26-3-27,Amber Cronin,1462.4,15,5,9,1,0.0
26-4-03,Amber Cronin,1462.4,15,5,9,1,0.0
26-4-10,Amber Cronin,1462.4,15,5,9,1,0.0
26-4-24,Amber Cronin,1462.4,15,5,9,1,0.0
26-5-01,Amber Cronin,1462.4,15,5,9,1,0.0
26-5-08,Amber Cronin,1462.4,15,5,9,1,0.0
26-5-15,Amber Cronin,1475.09,19,7,11,1,12.69
26-5-22,Amber Cronin,1430.14,22,7,14,1,-44.95
26-5-29,Amber Cronin,1430.14,22,7,14,1,0.0
26-6-05,Amber Cronin,1458.03,27,10,16,1,27.89
26-6-12,Amber Cronin,1458.03,27,10,16,1,0.0
26-6-14_RCQ,Amber Cronin,1430.53,32,11,20,1,-27.5
26-6-26,Amber Cronin,1394.98,35,11,23,1,-35.56
26-7-03,Amber Cronin,1394.98,35,11,23,1,0.0
26-7-10,Amber Cronin,1394.98,35,11,23,1,0.0
25-12-6_brainstormin_charity_tournament,Amy Altman,1528.68,6,4,2,0,0.0
26-2-13,Amy Altman,1541.85,11,7,4,0,13.16
26-2-20,Amy Altman,1565.25,15,10,5,0,23.41
26-2-27,Amy Altman,1565.25,15,10,5,0,0.0
26-3-07,Amy Altman,1565.25,15,10,5,0,0.0
26-3-13,Amy Altman,1591.07,19,13,6,0,25.82
26-3-20,Amy Altman,1586.38,24,16,8,0,-4.69
26-3-27,Amy Altman,1606.88,28,19,9,0,20.5
26-4-03,Amy Altman,1627.36,32,22,10,0,20.48
26-4-10,Amy Altman,1617.45,37,25,12,0,-9.91
26-4-24,Amy Altman,1597.11,41,27,14,0,-20.34
26-5-01,Amy Altman,1597.11,41,27,14,0,0.0
26-5-08,Amy Altman,1621.94,45,30,15,0,24.83
26-5-15,Amy Altman,1621.94,45,30,15,0,0.0
26-5-22,Amy Altman,1667.19,49,34,15,0,45.25
26-5-29,Amy Altman,1667.19,49,34,15,0,0.0
26-6-05,Amy Altman,1659.79,54,37,17,0,-7.4
26-6-12,Amy Altman,1659.79,54,37,17,0,0.0
26-6-14_RCQ,Amy Altman,1659.79,54,37,17,0,0.0
26-6-26,Amy Altman,1659.79,54,37,17,0,0.0
26-7-03,Amy Altman,1659.79,54,37,17,0,0.0
26-7-10,Amy Altman,1659.79,54,37,17,0,0.0
25-12-6_brainstormin_charity_tournament,Andrew Gallien,1500.0,0,0,0,0,0.0
26-2-13,Andrew Gallien,1500.0,0,0,0,0,0.0
26-2-20,Andrew Gallien,1500.0,0,0,0,0,0.0
26-2-27,Andrew Gallien,1500.0,0,0,0,0,0.0
26-3-07,Andrew Gallien,1500.0,0,0,0,0,0.0
26-3-13,Andrew Gallien,1500.0,0,0,0,0,0.0
26-3-20,Andrew Gallien,1500.0,0,0,0,0,0.0
26-3-27,Andrew Gallien,1500.0,0,0,0,0,0.0
26-4-03,Andrew Gallien,1500.0,0,0,0,0,0.0
26-4-10,Andrew Gallien,1500.0,0,0,0,0,0.0
26-4-24,Andrew Gallien,1500.0,0,0,0,0,0.0
26-5-01,Andrew Gallien,1500.0,0,0,0,0,0.0
26-5-08,Andrew Gallien,1500.0,0,0,0,0,0.0
26-5-15,Andrew Gallien,1500.0,0,0,0,0,0.0
26-5-22,Andrew Gallien,1500.0,0,0,0,0,0.0
26-5-29,Andrew Gallien,1500.0,0,0,0,0,0.0
26-6-05,Andrew Gallien,1500.0,0,0,0,0,0.0
26-6-12,Andrew Gallien,1500.0,0,0,0,0,0.0
26-6-14_RCQ,Andrew Gallien,1518.15,5,3,2,0,18.15
26-6-26,Andrew Gallien,1518.15,5,3,2,0,0.0
26-7-03,Andrew Gallien,1552.95,9,6,3,0,34.81
26-7-10,Andrew Gallien,1552.95,9,6,3,0,0.0
25-12-6_brainstormin_charity_tournament,Andy Perez,1500.0,0,0,0,0,0.0
26-2-13,Andy Perez,1500.0,0,0,0,0,0.0
26-2-20,Andy Perez,1500.0,0,0,0,0,0.0
26-2-27,Andy Perez,1500.0,0,0,0,0,0.0
26-3-07,Andy Perez,1518.14,5,3,2,0,18.14
26-3-13,Andy Perez,1478.98,10,4,5,1,-39.16
26-3-20,Andy Perez,1464.3,15,5,8,2,-14.68
26-3-27,Andy Perez,1464.3,15,5,8,2,0.0
26-4-03,Andy Perez,1464.3,15,5,8,2,0.0
26-4-10,Andy Perez,1464.3,15,5,8,2,0.0
26-4-24,Andy Perez,1464.3,15,5,8,2,0.0
26-5-01,Andy Perez,1464.3,15,5,8,2,0.0
26-5-08,Andy Perez,1464.3,15,5,8,2,0.0
26-5-15,Andy Perez,1464.3,15,5,8,2,0.0
26-5-22,Andy Perez,1464.3,15,5,8,2,0.0
26-5-29,Andy Perez,1464.3,15,5,8,2,0.0
26-6-05,Andy Perez,1464.3,15,5,8,2,0.0
26-6-12,Andy Perez,1464.3,15,5,8,2,0.0
26-6-14_RCQ,Andy Perez,1464.3,15,5,8,2,0.0
26-6-26,Andy Perez,1464.3,15,5,8,2,0.0
26-7-03,Andy Perez,1464.3,15,5,8,2,0.0
26-7-10,Andy Perez,1464.3,15,5,8,2,0.0
25-12-6_brainstormin_charity_tournament,Anthony Wilkinson,1529.68,6,4,2,0,0.0
26-2-13,Anthony Wilkinson,1586.06,11,8,2,1,56.38
26-2-20,Anthony Wilkinson,1616.61,16,12,3,1,30.55
26-2-27,Anthony Wilkinson,1644.32,21,16,4,1,27.71
26-3-07,Anthony Wilkinson,1691.88,25,20,4,1,47.57
26-3-13,Anthony Wilkinson,1701.9,30,24,5,1,10.01
26-3-20,Anthony Wilkinson,1707.87,35,28,6,1,5.97
26-3-27,Anthony Wilkinson,1654.02,40,30,9,1,-53.84
26-4-03,Anthony Wilkinson,1640.88,45,33,11,1,-13.15
26-4-10,Anthony Wilkinson,1571.23,50,34,15,1,-69.65
26-4-24,Anthony Wilkinson,1571.23,50,34,15,1,0.0
26-5-01,Anthony Wilkinson,1572.71,55,37,17,1,1.49
26-5-08,Anthony Wilkinson,1599.75,59,40,18,1,27.04
26-5-15,Anthony Wilkinson,1623.05,63,43,19,1,23.3
26-5-22,Anthony Wilkinson,1591.08,68,45,22,1,-31.97
26-5-29,Anthony Wilkinson,1591.08,68,45,22,1,0.0
26-6-05,Anthony Wilkinson,1559.54,73,47,25,1,-31.54
26-6-12,Anthony Wilkinson,1573.32,78,50,27,1,13.78
26-6-14_RCQ,Anthony Wilkinson,1512.14,83,51,31,1,-61.19
26-6-26,Anthony Wilkinson,1546.82,87,54,32,1,34.69
26-7-03,Anthony Wilkinson,1528.62,92,56,35,1,-18.2
26-7-10,Anthony Wilkinson,1550.34,96,59,36,1,21.72
25-12-6_brainstormin_charity_tournament,Austin Wolf,1499.16,6,3,3,0,0.0
26-2-13,Austin Wolf,1499.16,6,3,3,0,0.0
26-2-20,Austin Wolf,1499.16,6,3,3,0,0.0
26-2-27,Austin Wolf,1499.16,6,3,3,0,0.0
26-3-07,Austin Wolf,1499.16,6,3,3,0,0.0
26-3-13,Austin Wolf,1499.16,6,3,3,0,0.0
26-3-20,Austin Wolf,1499.16,6,3,3,0,0.0
26-3-27,Austin Wolf,1499.16,6,3,3,0,0.0
26-4-03,Austin Wolf,1499.16,6,3,3,0,0.0
26-4-10,Austin Wolf,1499.16,6,3,3,0,0.0
26-4-24,Austin Wolf,1499.16,6,3,3,0,0.0
26-5-01,Austin Wolf,1499.16,6,3,3,0,0.0
26-5-08,Austin Wolf,1499.16,6,3,3,0,0.0
26-5-15,Austin Wolf,1499.16,6,3,3,0,0.0
26-5-22,Austin Wolf,1499.16,6,3,3,0,0.0
26-5-29,Austin Wolf,1499.16,6,3,3,0,0.0
26-6-05,Austin Wolf,1499.16,6,3,3,0,0.0
26-6-12,Austin Wolf,1499.16,6,3,3,0,0.0
26-6-14_RCQ,Austin Wolf,1499.16,6,3,3,0,0.0
26-6-26,Austin Wolf,1499.16,6,3,3,0,0.0
26-7-03,Austin Wolf,1499.16,6,3,3,0,0.0
26-7-10,Austin Wolf,1499.16,6,3,3,0,0.0
25-12-6_brainstormin_charity_tournament,Autumn Rossa,1500.0,0,0,0,0,0.0
26-2-13,Autumn Rossa,1500.0,0,0,0,0,0.0
26-2-20,Autumn Rossa,1500.0,0,0,0,0,0.0
26-2-27,Autumn Rossa,1500.0,0,0,0,0,0.0
26-3-07,Autumn Rossa,1500.0,0,0,0,0,0.0
26-3-13,Autumn Rossa,1500.0,0,0,0,0,0.0
26-3-20,Autumn Rossa,1500.0,0,0,0,0,0.0
26-3-27,Autumn Rossa,1500.0,0,0,0,0,0.0
26-4-03,Autumn Rossa,1533.62,4,3,1,0,33.62
26-4-10,Autumn Rossa,1552.58,9,6,2,1,18.97
26-4-24,Autumn Rossa,1563.53,14,9,4,1,10.95
26-5-01,Autumn Rossa,1563.53,14,9,4,1,0.0
26-5-08,Autumn Rossa,1563.53,14,9,4,1,0.0
26-5-15,Autumn Rossa,1563.53,14,9,4,1,0.0
26-5-22,Autumn Rossa,1510.29,17,9,7,1,-53.25
26-5-29,Autumn Rossa,1510.29,17,9,7,1,0.0
26-6-05,Autumn Rossa,1515.84,22,12,9,1,5.55
26-6-12,Autumn Rossa,1515.84,22,12,9,1,0.0
26-6-14_RCQ,Autumn Rossa,1515.84,22,12,9,1,0.0
26-6-26,Autumn Rossa,1515.84,22,12,9,1,0.0
26-7-03,Autumn Rossa,1515.84,22,12,9,1,0.0
26-7-10,Autumn Rossa,1515.84,22,12,9,1,0.0
25-12-6_brainstormin_charity_tournament,Bailey Sarkis,1500.0,0,0,0,0,0.0
26-2-13,Bailey Sarkis,1500.0,0,0,0,0,0.0
26-2-20,Bailey Sarkis,1500.0,0,0,0,0,0.0
26-2-27,Bailey Sarkis,1500.0,0,0,0,0,0.0
26-3-07,Bailey Sarkis,1550.42,5,4,1,0,50.42
26-3-13,Bailey Sarkis,1550.42,5,4,1,0,0.0
26-3-20,Bailey Sarkis,1550.42,5,4,1,0,0.0
26-3-27,Bailey Sarkis,1550.42,5,4,1,0,0.0
26-4-03,Bailey Sarkis,1550.42,5,4,1,0,0.0
26-4-10,Bailey Sarkis,1516.67,7,4,3,0,-33.75
26-4-24,Bailey Sarkis,1516.67,7,4,3,0,0.0
26-5-01,Bailey Sarkis,1516.67,7,4,3,0,0.0
26-5-08,Bailey Sarkis,1516.67,7,4,3,0,0.0
26-5-15,Bailey Sarkis,1516.67,7,4,3,0,0.0
26-5-22,Bailey Sarkis,1516.67,7,4,3,0,0.0
26-5-29,Bailey Sarkis,1516.67,7,4,3,0,0.0
26-6-05,Bailey Sarkis,1516.67,7,4,3,0,0.0
26-6-12,Bailey Sarkis,1516.67,7,4,3,0,0.0
26-6-14_RCQ,Bailey Sarkis,1516.67,7,4,3,0,0.0
26-6-26,Bailey Sarkis,1516.67,7,4,3,0,0.0
26-7-03,Bailey Sarkis,1516.67,7,4,3,0,0.0
26-7-10,Bailey Sarkis,1516.67,7,4,3,0,0.0
25-12-6_brainstormin_charity_tournament,Becca Blackwood,1527.12,6,4,2,0,0.0
26-2-13,Becca Blackwood,1492.34,10,5,5,0,-34.78
26-2-20,Becca Blackwood,1528.54,14,8,6,0,36.2
26-2-27,Becca Blackwood,1528.54,14,8,6,0,0.0
26-3-07,Becca Blackwood,1528.54,14,8,6,0,0.0
26-3-13,Becca Blackwood,1573.38,19,12,7,0,44.84
26-3-20,Becca Blackwood,1577.72,24,15,9,0,4.34
26-3-27,Becca Blackwood,1594.94,28,18,10,0,17.22
26-4-03,Becca Blackwood,1557.85,33,20,13,0,-37.09
26-4-10,Becca Blackwood,1530.85,36,21,15,0,-27.0
26-4-24,Becca Blackwood,1555.72,40,24,16,0,24.87
26-5-01,Becca Blackwood,1555.72,40,24,16,0,0.0
26-5-08,Becca Blackwood,1545.34,45,26,18,1,-10.37
26-5-15,Becca Blackwood,1545.34,45,26,18,1,0.0
26-5-22,Becca Blackwood,1583.56,49,29,19,1,38.22
26-5-29,Becca Blackwood,1583.56,49,29,19,1,0.0
26-6-05,Becca Blackwood,1583.56,49,29,19,1,0.0
26-6-12,Becca Blackwood,1583.56,49,29,19,1,0.0
26-6-14_RCQ,Becca Blackwood,1583.56,49,29,19,1,0.0
26-6-26,Becca Blackwood,1583.56,49,29,19,1,0.0
26-7-03,Becca Blackwood,1583.56,49,29,19,1,0.0
26-7-10,Becca Blackwood,1583.56,49,29,19,1,0.0
25-12-6_brainstormin_charity_tournament,Bradley Skubic,1563.9,4,4,0,0,0.0
26-2-13,Bradley Skubic,1563.9,4,4,0,0,0.0
26-2-20,Bradley Skubic,1563.9,4,4,0,0,0.0
26-2-27,Bradley Skubic,1582.18,9,7,1,1,18.28
26-3-07,Bradley Skubic,1582.18,9,7,1,1,0.0
26-3-13,Bradley Skubic,1602.87,13,10,2,1,20.69
26-3-20,Bradley Skubic,1602.87,13,10,2,1,0.0
26-3-27,Bradley Skubic,1602.87,13,10,2,1,0.0
26-4-03,Bradley Skubic,1602.87,13,10,2,1,0.0
26-4-10,Bradley Skubic,1602.87,13,10,2,1,0.0
26-4-24,Bradley Skubic,1646.13,18,14,2,2,43.26
26-5-01,Bradley Skubic,1652.25,22,17,3,2,6.12
26-5-08,Bradley Skubic,1637.81,27,20,5,2,-14.44
26-5-15,Bradley Skubic,1594.45,32,22,8,2,-43.37
26-5-22,Bradley Skubic,1594.93,37,25,10,2,0.48
26-5-29,Bradley Skubic,1594.93,37,25,10,2,0.0
26-6-05,Bradley Skubic,1547.02,41,26,13,2,-47.91
26-6-12,Bradley Skubic,1572.53,45,29,14,2,25.51
26-6-14_RCQ,Bradley Skubic,1572.53,45,29,14,2,0.0
26-6-26,Bradley Skubic,1548.59,50,30,16,4,-23.94
26-7-03,Bradley Skubic,1559.55,55,33,18,4,10.96
26-7-10,Bradley Skubic,1559.55,55,33,18,4,0.0
25-12-6_brainstormin_charity_tournament,Dani Masom,1500.1,6,3,3,0,0.0
26-2-13,Dani Masom,1487.85,11,5,6,0,-12.25
26-2-20,Dani Masom,1494.44,15,7,8,0,6.59
26-2-27,Dani Masom,1466.68,19,8,11,0,-27.76
26-3-07,Dani Masom,1456.81,24,10,14,0,-9.87
26-3-13,Dani Masom,1487.38,29,13,16,0,30.57
26-3-20,Dani Masom,1513.51,34,16,17,1,26.13
26-3-27,Dani Masom,1571.54,39,20,18,1,58.03
26-4-03,Dani Masom,1494.92,43,20,22,1,-76.61
26-4-10,Dani Masom,1484.07,48,22,25,1,-10.86
26-4-24,Dani Masom,1484.07,48,22,25,1,0.0
26-5-01,Dani Masom,1474.85,53,24,28,1,-9.22
26-5-08,Dani Masom,1474.85,53,24,28,1,0.0
26-5-15,Dani Masom,1474.85,53,24,28,1,0.0
26-5-22,Dani Masom,1501.33,58,27,30,1,26.48
26-5-29,Dani Masom,1501.33,58,27,30,1,0.0
26-6-05,Dani Masom,1469.42,62,28,33,1,-31.91
26-6-12,Dani Masom,1469.42,62,28,33,1,0.0
26-6-14_RCQ,Dani Masom,1469.42,62,28,33,1,0.0
26-6-26,Dani Masom,1558.36,66,32,33,1,88.94
26-7-03,Dani Masom,1564.98,71,35,35,1,6.61
26-7-10,Dani Masom,1609.23,75,39,35,1,44.26
25-12-6_brainstormin_charity_tournament,Daniel Hernandez,1500.61,6,3,3,0,0.0
26-2-13,Daniel Hernandez,1455.86,9,3,6,0,-44.74
26-2-20,Daniel Hernandez,1455.86,9,3,6,0,0.0
26-2-27,Daniel Hernandez,1481.88,14,6,8,0,26.02
26-3-07,Daniel Hernandez,1434.79,19,7,12,0,-47.09
26-3-13,Daniel Hernandez,1400.85,22,7,15,0,-33.94
26-3-20,Daniel Hernandez,1420.41,27,9,17,1,19.56
26-3-27,Daniel Hernandez,1407.97,31,10,20,1,-12.44
26-4-03,Daniel Hernandez,1397.02,35,11,23,1,-10.94
26-4-10,Daniel Hernandez,1375.0,37,11,25,1,-22.02
26-4-24,Daniel Hernandez,1370.56,41,12,28,1,-4.44
26-5-01,Daniel Hernandez,1333.98,45,12,32,1,-36.58
26-5-08,Daniel Hernandez,1317.68,50,13,36,1,-16.3
26-5-15,Daniel Hernandez,1291.74,53,13,39,1,-25.94
26-5-22,Daniel Hernandez,1291.74,53,13,39,1,0.0
26-5-29,Daniel Hernandez,1291.74,53,13,39,1,0.0
26-6-05,Daniel Hernandez,1291.74,53,13,39,1,0.0
26-6-12,Daniel Hernandez,1291.74,53,13,39,1,0.0
26-6-14_RCQ,Daniel Hernandez,1291.74,53,13,39,1,0.0
26-6-26,Daniel Hernandez,1291.74,53,13,39,1,0.0
26-7-03,Daniel Hernandez,1291.74,53,13,39,1,0.0
26-7-10,Daniel Hernandez,1291.74,53,13,39,1,0.0
25-12-6_brainstormin_charity_tournament,David Van Hise,1484.8,5,2,3,0,0.0
26-2-13,David Van Hise,1536.98,10,6,4,0,52.18
26-2-20,David Van Hise,1582.04,15,10,5,0,45.06
26-2-27,David Van Hise,1649.6,20,15,5,0,67.56
26-3-07,David Van Hise,1649.6,20,15,5,0,0.0
26-3-13,David Van Hise,1592.1,24,16,8,0,-57.5
26-3-20,David Van Hise,1661.89,29,21,8,0,69.79
26-3-27,David Van Hise,1648.51,34,24,10,0,-13.39
26-4-03,David Van Hise,1648.51,34,24,10,0,0.0
26-4-10,David Van Hise,1648.51,34,24,10,0,0.0
26-4-24,David Van Hise,1634.21,39,27,12,0,-14.3
26-5-01,David Van Hise,1634.21,39,27,12,0,0.0
26-5-08,David Van Hise,1634.21,39,27,12,0,0.0
26-5-15,David Van Hise,1634.21,39,27,12,0,0.0
26-5-22,David Van Hise,1634.21,39,27,12,0,0.0
26-5-29,David Van Hise,1634.21,39,27,12,0,0.0
26-6-05,David Van Hise,1678.27,43,31,12,0,44.07
26-6-12,David Van Hise,1678.27,43,31,12,0,0.0
26-6-14_RCQ,David Van Hise,1678.27,43,31,12,0,0.0
26-6-26,David Van Hise,1691.23,47,34,13,0,12.95
26-7-03,David Van Hise,1662.91,50,35,15,0,-28.32
26-7-10,David Van Hise,1662.91,50,35,15,0,0.0
25-12-6_brainstormin_charity_tournament,Elias Medrano,1470.01,6,2,4,0,0.0
26-2-13,Elias Medrano,1470.01,6,2,4,0,0.0
26-2-20,Elias Medrano,1470.01,6,2,4,0,0.0
26-2-27,Elias Medrano,1470.01,6,2,4,0,0.0
26-3-07,Elias Medrano,1470.01,6,2,4,0,0.0
26-3-13,Elias Medrano,1470.01,6,2,4,0,0.0
26-3-20,Elias Medrano,1470.01,6,2,4,0,0.0
26-3-27,Elias Medrano,1470.01,6,2,4,0,0.0
26-4-03,Elias Medrano,1470.01,6,2,4,0,0.0
26-4-10,Elias Medrano,1470.01,6,2,4,0,0.0
26-4-24,Elias Medrano,1470.01,6,2,4,0,0.0
26-5-01,Elias Medrano,1470.01,6,2,4,0,0.0
26-5-08,Elias Medrano,1470.01,6,2,4,0,0.0
26-5-15,Elias Medrano,1470.01,6,2,4,0,0.0
26-5-22,Elias Medrano,1470.01,6,2,4,0,0.0
26-5-29,Elias Medrano,1470.01,6,2,4,0,0.0
26-6-05,Elias Medrano,1470.01,6,2,4,0,0.0
26-6-12,Elias Medrano,1470.01,6,2,4,0,0.0
26-6-14_RCQ,Elias Medrano,1470.01,6,2,4,0,0.0
26-6-26,Elias Medrano,1470.01,6,2,4,0,0.0
26-7-03,Elias Medrano,1470.01,6,2,4,0,0.0
26-7-10,Elias Medrano,1470.01,6,2,4,0,0.0
25-12-6_brainstormin_charity_tournament,Ethan Ford,1500.0,0,0,0,0,0.0
26-2-13,Ethan Ford,1500.0,0,0,0,0,0.0
26-2-20,Ethan Ford,1500.0,0,0,0,0,0.0
26-2-27,Ethan Ford,1500.0,0,0,0,0,0.0
26-3-07,Ethan Ford,1500.0,0,0,0,0,0.0
26-3-13,Ethan Ford,1500.0,0,0,0,0,0.0
26-3-20,Ethan Ford,1500.0,0,0,0,0,0.0
26-3-27,Ethan Ford,1500.0,0,0,0,0,0.0
26-4-03,Ethan Ford,1500.0,0,0,0,0,0.0
26-4-10,Ethan Ford,1547.05,5,4,1,0,47.05
26-4-24,Ethan Ford,1547.05,5,4,1,0,0.0
26-5-01,Ethan Ford,1547.05,5,4,1,0,0.0
26-5-08,Ethan Ford,1547.05,5,4,1,0,0.0
26-5-15,Ethan Ford,1547.05,5,4,1,0,0.0
26-5-22,Ethan Ford,1547.05,5,4,1,0,0.0
26-5-29,Ethan Ford,1547.05,5,4,1,0,0.0
26-6-05,Ethan Ford,1547.05,5,4,1,0,0.0
26-6-12,Ethan Ford,1547.05,5,4,1,0,0.0
26-6-14_RCQ,Ethan Ford,1547.05,5,4,1,0,0.0
26-6-26,Ethan Ford,1547.05,5,4,1,0,0.0
26-7-03,Ethan Ford,1547.05,5,4,1,0,0.0
26-7-10,Ethan Ford,1547.05,5,4,1,0,0.0
25-12-6_brainstormin_charity_tournament,Evan Johnstone,1502.04,6,3,3,0,0.0
26-2-13,Evan Johnstone,1482.42,11,5,6,0,-19.62
26-2-20,Evan Johnstone,1437.72,16,6,10,0,-44.69
26-2-27,Evan Johnstone,1432.17,21,8,13,0,-5.55
26-3-07,Evan Johnstone,1378.59,26,8,17,1,-53.58
26-3-13,Evan Johnstone,1378.59,26,8,17,1,0.0
26-3-20,Evan Johnstone,1429.56,31,11,19,1,50.97
26-3-27,Evan Johnstone,1429.56,31,11,19,1,0.0
26-4-03,Evan Johnstone,1429.56,31,11,19,1,0.0
26-4-10,Evan Johnstone,1457.96,36,14,21,1,28.4
26-4-24,Evan Johnstone,1457.96,36,14,21,1,0.0
26-5-01,Evan Johnstone,1457.96,36,14,21,1,0.0
26-5-08,Evan Johnstone,1457.96,36,14,21,1,0.0
26-5-15,Evan Johnstone,1457.96,36,14,21,1,0.0
26-5-22,Evan Johnstone,1457.96,36,14,21,1,0.0
26-5-29,Evan Johnstone,1457.96,36,14,21,1,0.0
26-6-05,Evan Johnstone,1457.96,36,14,21,1,0.0
26-6-12,Evan Johnstone,1457.96,36,14,21,1,0.0
26-6-14_RCQ,Evan Johnstone,1457.96,36,14,21,1,0.0
26-6-26,Evan Johnstone,1457.96,36,14,21,1,0.0
26-7-03,Evan Johnstone,1457.96,36,14,21,1,0.0
26-7-10,Evan Johnstone,1457.96,36,14,21,1,0.0
25-12-6_brainstormin_charity_tournament,Gina Millott,1502.07,6,3,3,0,0.0
26-2-13,Gina Millott,1502.07,6,3,3,0,0.0
26-2-20,Gina Millott,1490.24,11,5,6,0,-11.82
26-2-27,Gina Millott,1490.24,11,5,6,0,0.0
26-3-07,Gina Millott,1490.24,11,5,6,0,0.0
26-3-13,Gina Millott,1515.67,16,8,8,0,25.43
26-3-20,Gina Millott,1469.38,21,9,12,0,-46.29
26-3-27,Gina Millott,1469.38,21,9,12,0,0.0
26-4-03,Gina Millott,1469.38,21,9,12,0,0.0
26-4-10,Gina Millott,1451.0,26,11,15,0,-18.38
26-4-24,Gina Millott,1451.0,26,11,15,0,0.0
26-5-01,Gina Millott,1451.0,26,11,15,0,0.0
26-5-08,Gina Millott,1451.0,26,11,15,0,0.0
26-5-15,Gina Millott,1451.0,26,11,15,0,0.0
26-5-22,Gina Millott,1451.0,26,11,15,0,0.0
26-5-29,Gina Millott,1451.0,26,11,15,0,0.0
26-6-05,Gina Millott,1451.0,26,11,15,0,0.0
26-6-12,Gina Millott,1451.0,26,11,15,0,0.0
26-6-14_RCQ,Gina Millott,1451.0,26,11,15,0,0.0
26-6-26,Gina Millott,1451.0,26,11,15,0,0.0
26-7-03,Gina Millott,1397.27,30,11,19,0,-53.73
26-7-10,Gina Millott,1397.27,30,11,19,0,0.0
25-12-6_brainstormin_charity_tournament,Graham Bateman,1513.99,6,3,2,1,0.0
26-2-13,Graham Bateman,1513.99,6,3,2,1,0.0
26-2-20,Graham Bateman,1513.99,6,3,2,1,0.0
26-2-27,Graham Bateman,1513.99,6,3,2,1,0.0
26-3-07,Graham Bateman,1513.99,6,3,2,1,0.0
26-3-13,Graham Bateman,1513.99,6,3,2,1,0.0
26-3-20,Graham Bateman,1513.99,6,3,2,1,0.0
26-3-27,Graham Bateman,1513.99,6,3,2,1,0.0
26-4-03,Graham Bateman,1513.99,6,3,2,1,0.0
26-4-10,Graham Bateman,1513.99,6,3,2,1,0.0
26-4-24,Graham Bateman,1513.99,6,3,2,1,0.0
26-5-01,Graham Bateman,1513.99,6,3,2,1,0.0
26-5-08,Graham Bateman,1513.99,6,3,2,1,0.0
26-5-15,Graham Bateman,1513.99,6,3,2,1,0.0
26-5-22,Graham Bateman,1513.99,6,3,2,1,0.0
26-5-29,Graham Bateman,1513.99,6,3,2,1,0.0
26-6-05,Graham Bateman,1513.99,6,3,2,1,0.0
26-6-12,Graham Bateman,1513.99,6,3,2,1,0.0
26-6-14_RCQ,Graham Bateman,1513.99,6,3,2,1,0.0
26-6-26,Graham Bateman,1513.99,6,3,2,1,0.0
26-7-03,Graham Bateman,1513.99,6,3,2,1,0.0
26-7-10,Graham Bateman,1513.99,6,3,2,1,0.0
25-12-6_brainstormin_charity_tournament,Hex Dowd,1501.53,6,3,3,0,0.0
26-2-13,Hex Dowd,1455.92,11,4,7,0,-45.6
26-2-20,Hex Dowd,1438.01,15,5,10,0,-17.91
26-2-27,Hex Dowd,1433.88,20,7,13,0,-4.14
26-3-07,Hex Dowd,1461.68,25,10,15,0,27.8
26-3-13,Hex Dowd,1465.49,30,12,18,0,3.81
26-3-20,Hex Dowd,1519.87,35,16,19,0,54.38
26-3-27,Hex Dowd,1451.8,39,16,23,0,-68.06
26-4-03,Hex Dowd,1456.77,44,18,26,0,4.96
26-4-10,Hex Dowd,1457.64,49,20,29,0,0.87
26-4-24,Hex Dowd,1482.86,54,23,31,0,25.22
26-5-01,Hex Dowd,1517.34,58,26,32,0,34.47
26-5-08,Hex Dowd,1517.34,58,26,32,0,0.0
26-5-15,Hex Dowd,1517.34,58,26,32,0,0.0
26-5-22,Hex Dowd,1507.13,63,28,35,0,-10.21
26-5-29,Hex Dowd,1507.13,63,28,35,0,0.0
26-6-05,Hex Dowd,1502.93,68,30,38,0,-4.2
26-6-12,Hex Dowd,1502.93,68,30,38,0,0.0
26-6-14_RCQ,Hex Dowd,1490.69,73,32,41,0,-12.24
26-6-26,Hex Dowd,1490.69,73,32,41,0,0.0
26-7-03,Hex Dowd,1479.49,78,34,44,0,-11.2
26-7-10,Hex Dowd,1479.49,78,34,44,0,0.0
25-12-6_brainstormin_charity_tournament,Isharah Considine,1499.94,6,3,3,0,0.0
26-2-13,Isharah Considine,1518.92,11,6,5,0,18.98
26-2-20,Isharah Considine,1518.92,11,6,5,0,0.0
26-2-27,Isharah Considine,1563.78,16,10,6,0,44.86
26-3-07,Isharah Considine,1563.78,16,10,6,0,0.0
26-3-13,Isharah Considine,1563.78,16,10,6,0,0.0
26-3-20,Isharah Considine,1563.78,16,10,6,0,0.0
26-3-27,Isharah Considine,1531.48,18,10,8,0,-32.3
26-4-03,Isharah Considine,1531.48,18,10,8,0,0.0
26-4-10,Isharah Considine,1497.77,20,10,10,0,-33.71
26-4-24,Isharah Considine,1497.77,20,10,10,0,0.0
26-5-01,Isharah Considine,1497.77,20,10,10,0,0.0
26-5-08,Isharah Considine,1534.28,24,13,11,0,36.51
26-5-15,Isharah Considine,1534.28,24,13,11,0,0.0
26-5-22,Isharah Considine,1534.28,24,13,11,0,0.0
26-5-29,Isharah Considine,1534.28,24,13,11,0,0.0
26-6-05,Isharah Considine,1516.58,29,15,14,0,-17.7
26-6-12,Isharah Considine,1550.99,33,18,15,0,34.41
26-6-14_RCQ,Isharah Considine,1550.99,33,18,15,0,0.0
26-6-26,Isharah Considine,1550.99,33,18,15,0,0.0
26-7-03,Isharah Considine,1550.99,33,18,15,0,0.0
26-7-10,Isharah Considine,1530.91,36,19,17,0,-20.08
25-12-6_brainstormin_charity_tournament,Jack Henry,1499.87,6,3,3,0,0.0
26-2-13,Jack Henry,1454.09,11,4,7,0,-45.78
26-2-20,Jack Henry,1454.09,11,4,7,0,0.0
26-2-27,Jack Henry,1449.79,16,6,10,0,-4.3
26-3-07,Jack Henry,1449.79,16,6,10,0,0.0
26-3-13,Jack Henry,1455.91,21,8,12,1,6.12
26-3-20,Jack Henry,1487.29,26,11,14,1,31.37
26-3-27,Jack Henry,1487.29,26,11,14,1,0.0
26-4-03,Jack Henry,1487.29,26,11,14,1,0.0
26-4-10,Jack Henry,1447.49,31,12,18,1,-39.8
26-4-24,Jack Henry,1447.49,31,12,18,1,0.0
26-5-01,Jack Henry,1447.49,31,12,18,1,0.0
26-5-08,Jack Henry,1408.31,36,13,22,1,-39.18
26-5-15,Jack Henry,1408.31,36,13,22,1,0.0
26-5-22,Jack Henry,1408.31,36,13,22,1,0.0
26-5-29,Jack Henry,1373.33,39,13,25,1,-34.98
26-6-05,Jack Henry,1423.43,44,16,27,1,50.1
26-6-12,Jack Henry,1422.58,49,18,30,1,-0.85
26-6-14_RCQ,Jack Henry,1387.01,54,19,34,1,-35.57
26-6-26,Jack Henry,1423.92,59,22,36,1,36.91
26-7-03,Jack Henry,1427.91,64,24,39,1,3.99
26-7-10,Jack Henry,1427.91,64,24,39,1,0.0
25-12-6_brainstormin_charity_tournament,James Blanchfield,1500.0,0,0,0,0,0.0
26-2-13,James Blanchfield,1500.0,0,0,0,0,0.0
26-2-20,James Blanchfield,1500.0,0,0,0,0,0.0
26-2-27,James Blanchfield,1500.0,0,0,0,0,0.0
26-3-07,James Blanchfield,1500.0,0,0,0,0,0.0
26-3-13,James Blanchfield,1500.0,0,0,0,0,0.0
26-3-20,James Blanchfield,1500.0,0,0,0,0,0.0
26-3-27,James Blanchfield,1500.0,0,0,0,0,0.0
26-4-03,James Blanchfield,1500.0,0,0,0,0,0.0
26-4-10,James Blanchfield,1500.0,0,0,0,0,0.0
26-4-24,James Blanchfield,1500.0,0,0,0,0,0.0
26-5-01,James Blanchfield,1500.0,0,0,0,0,0.0
26-5-08,James Blanchfield,1500.0,0,0,0,0,0.0
26-5-15,James Blanchfield,1500.0,0,0,0,0,0.0
26-5-22,James Blanchfield,1500.0,0,0,0,0,0.0
26-5-29,James Blanchfield,1500.0,0,0,0,0,0.0
26-6-05,James Blanchfield,1500.0,0,0,0,0,0.0
26-6-12,James Blanchfield,1500.0,0,0,0,0,0.0
26-6-14_RCQ,James Blanchfield,1500.0,0,0,0,0,0.0
26-6-26,James Blanchfield,1500.0,0,0,0,0,0.0
26-7-03,James Blanchfield,1500.0,0,0,0,0,0.0
26-7-10,James Blanchfield,1500.0,0,0,0,0,0.0
25-12-6_brainstormin_charity_tournament,Jarrod Haase,1467.36,6,2,4,0,0.0
26-2-13,Jarrod Haase,1444.85,10,3,7,0,-22.51
26-2-20,Jarrod Haase,1413.85,14,3,10,1,-31.0
26-2-27,Jarrod Haase,1371.16,18,3,14,1,-42.69
26-3-07,Jarrod Haase,1411.3,23,6,16,1,40.15
26-3-13,Jarrod Haase,1423.24,28,8,18,2,11.93
26-3-20,Jarrod Haase,1457.85,33,11,20,2,34.61
26-3-27,Jarrod Haase,1457.85,33,11,20,2,0.0
26-4-03,Jarrod Haase,1457.85,33,11,20,2,0.0
26-4-10,Jarrod Haase,1446.57,36,12,22,2,-11.28
26-4-24,Jarrod Haase,1446.57,36,12,22,2,0.0
26-5-01,Jarrod Haase,1403.99,41,12,26,3,-42.58
26-5-08,Jarrod Haase,1398.91,46,14,29,3,-5.08
26-5-15,Jarrod Haase,1386.39,50,15,32,3,-12.52
26-5-22,Jarrod Haase,1386.39,50,15,32,3,0.0
26-5-29,Jarrod Haase,1354.87,53,15,35,3,-31.52
26-6-05,Jarrod Haase,1354.87,53,15,35,3,0.0
26-6-12,Jarrod Haase,1318.44,57,15,39,3,-36.43
26-6-14_RCQ,Jarrod Haase,1282.62,61,15,43,3,-35.82
26-6-26,Jarrod Haase,1308.51,66,17,46,3,25.89
26-7-03,Jarrod Haase,1327.88,71,19,49,3,19.37
26-7-10,Jarrod Haase,1327.88,71,19,49,3,0.0
25-12-6_brainstormin_charity_tournament,Jeffrey Silver,1500.0,0,0,0,0,0.0
26-2-13,Jeffrey Silver,1500.0,0,0,0,0,0.0
26-2-20,Jeffrey Silver,1500.0,0,0,0,0,0.0
26-2-27,Jeffrey Silver,1500.0,0,0,0,0,0.0
26-3-07,Jeffrey Silver,1500.0,0,0,0,0,0.0
26-3-13,Jeffrey Silver,1500.0,0,0,0,0,0.0
26-3-20,Jeffrey Silver,1500.0,0,0,0,0,0.0
26-3-27,Jeffrey Silver,1508.21,5,3,2,0,8.21
26-4-03,Jeffrey Silver,1508.21,5,3,2,0,0.0
26-4-10,Jeffrey Silver,1533.48,10,6,4,0,25.27
26-4-24,Jeffrey Silver,1533.48,10,6,4,0,0.0
26-5-01,Jeffrey Silver,1533.48,10,6,4,0,0.0
26-5-08,Jeffrey Silver,1533.48,10,6,4,0,0.0
26-5-15,Jeffrey Silver,1533.48,10,6,4,0,0.0
26-5-22,Jeffrey Silver,1533.48,10,6,4,0,0.0
26-5-29,Jeffrey Silver,1533.48,10,6,4,0,0.0
26-6-05,Jeffrey Silver,1533.48,10,6,4,0,0.0
26-6-12,Jeffrey Silver,1533.48,10,6,4,0,0.0
26-6-14_RCQ,Jeffrey Silver,1533.48,10,6,4,0,0.0
26-6-26,Jeffrey Silver,1533.48,10,6,4,0,0.0
26-7-03,Jeffrey Silver,1533.48,10,6,4,0,0.0
26-7-10,Jeffrey Silver,1533.48,10,6,4,0,0.0
25-12-6_brainstormin_charity_tournament,Joel Brook,1531.3,6,4,2,0,0.0
26-2-13,Joel Brook,1531.3,6,4,2,0,0.0
26-2-20,Joel Brook,1531.3,6,4,2,0,0.0
26-2-27,Joel Brook,1531.3,6,4,2,0,0.0
26-3-07,Joel Brook,1531.3,6,4,2,0,0.0
26-3-13,Joel Brook,1531.3,6,4,2,0,0.0
26-3-20,Joel Brook,1531.3,6,4,2,0,0.0
26-3-27,Joel Brook,1531.3,6,4,2,0,0.0
26-4-03,Joel Brook,1531.3,6,4,2,0,0.0
26-4-10,Joel Brook,1531.3,6,4,2,0,0.0
26-4-24,Joel Brook,1531.3,6,4,2,0,0.0
26-5-01,Joel Brook,1531.3,6,4,2,0,0.0
26-5-08,Joel Brook,1493.36,8,4,4,0,-37.94
26-5-15,Joel Brook,1493.36,8,4,4,0,0.0
26-5-22,Joel Brook,1493.36,8,4,4,0,0.0
26-5-29,Joel Brook,1493.36,8,4,4,0,0.0
26-6-05,Joel Brook,1493.36,8,4,4,0,0.0
26-6-12,Joel Brook,1493.36,8,4,4,0,0.0
26-6-14_RCQ,Joel Brook,1493.36,8,4,4,0,0.0
26-6-26,Joel Brook,1493.36,8,4,4,0,0.0
26-7-03,Joel Brook,1493.36,8,4,4,0,0.0
26-7-10,Joel Brook,1493.36,8,4,4,0,0.0
25-12-6_brainstormin_charity_tournament,John Larochelle,1482.6,6,2,3,1,0.0
26-2-13,John Larochelle,1514.93,10,5,4,1,32.34
26-2-20,John Larochelle,1514.93,10,5,4,1,0.0
26-2-27,John Larochelle,1512.35,14,7,6,1,-2.58
26-3-07,John Larochelle,1512.35,14,7,6,1,0.0
26-3-13,John Larochelle,1512.35,14,7,6,1,0.0
26-3-20,John Larochelle,1512.35,14,7,6,1,0.0
26-3-27,John Larochelle,1512.35,14,7,6,1,0.0
26-4-03,John Larochelle,1512.35,14,7,6,1,0.0
26-4-10,John Larochelle,1512.35,14,7,6,1,0.0
26-4-24,John Larochelle,1512.35,14,7,6,1,0.0
26-5-01,John Larochelle,1475.14,18,8,9,1,-37.22
26-5-08,John Larochelle,1475.14,18,8,9,1,0.0
26-5-15,John Larochelle,1475.14,18,8,9,1,0.0
26-5-22,John Larochelle,1475.14,18,8,9,1,0.0
26-5-29,John Larochelle,1475.14,18,8,9,1,0.0
26-6-05,John Larochelle,1475.14,18,8,9,1,0.0
26-6-12,John Larochelle,1475.14,18,8,9,1,0.0
26-6-14_RCQ,John Larochelle,1475.14,18,8,9,1,0.0
26-6-26,John Larochelle,1469.17,23,10,12,1,-5.96
26-7-03,John Larochelle,1469.17,23,10,12,1,0.0
26-7-10,John Larochelle,1469.17,23,10,12,1,0.0
25-12-6_brainstormin_charity_tournament,Jonathan Ma,1500.0,0,0,0,0,0.0
26-2-13,Jonathan Ma,1500.0,0,0,0,0,0.0
26-2-20,Jonathan Ma,1500.0,0,0,0,0,0.0
26-2-27,Jonathan Ma,1500.0,0,0,0,0,0.0
26-3-07,Jonathan Ma,1500.0,0,0,0,0,0.0
26-3-13,Jonathan Ma,1500.0,0,0,0,0,0.0
26-3-20,Jonathan Ma,1500.0,0,0,0,0,0.0
26-3-27,Jonathan Ma,1500.0,0,0,0,0,0.0
26-4-03,Jonathan Ma,1500.0,0,0,0,0,0.0
26-4-10,Jonathan Ma,1500.0,0,0,0,0,0.0
26-4-24,Jonathan Ma,1500.0,0,0,0,0,0.0
26-5-01,Jonathan Ma,1500.0,0,0,0,0,0.0
26-5-08,Jonathan Ma,1500.0,0,0,0,0,0.0
26-5-15,Jonathan Ma,1500.0,0,0,0,0,0.0
26-5-22,Jonathan Ma,1500.0,0,0,0,0,0.0
26-5-29,Jonathan Ma,1500.0,0,0,0,0,0.0
26-6-05,Jonathan Ma,1500.0,0,0,0,0,0.0
26-6-12,Jonathan Ma,1500.0,0,0,0,0,0.0
26-6-14_RCQ,Jonathan Ma,1500.0,0,0,0,0,0.0
26-6-26,Jonathan Ma,1500.0,0,0,0,0,0.0
26-7-03,Jonathan Ma,1500.0,0,0,0,0,0.0
26-7-10,Jonathan Ma,1500.0,0,0,0,0,0.0
25-12-6_brainstormin_charity_tournament,Joseph Chung,1454.88,5,1,4,0,0.0
26-2-13,Joseph Chung,1454.88,5,1,4,0,0.0
26-2-20,Joseph Chung,1454.88,5,1,4,0,0.0
26-2-27,Joseph Chung,1448.49,10,3,7,0,-6.39
26-3-07,Joseph Chung,1415.97,14,4,10,0,-32.52
26-3-13,Joseph Chung,1405.13,18,5,13,0,-10.84
26-3-20,Joseph Chung,1405.13,18,5,13,0,0.0
26-3-27,Joseph Chung,1405.13,18,5,13,0,0.0
26-4-03,Joseph Chung,1405.13,18,5,13,0,0.0
26-4-10,Joseph Chung,1405.13,18,5,13,0,0.0
26-4-24,Joseph Chung,1405.13,18,5,13,0,0.0
26-5-01,Joseph Chung,1405.13,18,5,13,0,0.0
26-5-08,Joseph Chung,1405.13,18,5,13,0,0.0
26-5-15,Joseph Chung,1405.13,18,5,13,0,0.0
26-5-22,Joseph Chung,1405.13,18,5,13,0,0.0
26-5-29,Joseph Chung,1405.13,18,5,13,0,0.0
26-6-05,Joseph Chung,1405.13,18,5,13,0,0.0
26-6-12,Joseph Chung,1405.13,18,5,13,0,0.0
26-6-14_RCQ,Joseph Chung,1405.13,18,5,13,0,0.0
26-6-26,Joseph Chung,1393.5,22,6,16,0,-11.63
26-7-03,Joseph Chung,1393.5,22,6,16,0,0.0
26-7-10,Joseph Chung,1434.83,27,9,18,0,41.33
25-12-6_brainstormin_charity_tournament,Kenton Najdzien,1500.0,0,0,0,0,0.0
26-2-13,Kenton Najdzien,1517.05,5,3,2,0,17.05
26-2-20,Kenton Najdzien,1517.05,5,3,2,0,0.0
26-2-27,Kenton Najdzien,1528.03,10,6,4,0,10.99
26-3-07,Kenton Najdzien,1528.03,10,6,4,0,0.0
26-3-13,Kenton Najdzien,1591.8,14,10,4,0,63.77
26-3-20,Kenton Najdzien,1591.8,14,10,4,0,0.0
26-3-27,Kenton Najdzien,1596.35,19,13,6,0,4.55
26-4-03,Kenton Najdzien,1592.58,24,16,8,0,-3.78
26-4-10,Kenton Najdzien,1625.52,29,20,9,0,32.95
26-4-24,Kenton Najdzien,1625.52,29,20,9,0,0.0
26-5-01,Kenton Najdzien,1625.52,29,20,9,0,0.0
26-5-08,Kenton Najdzien,1625.52,29,20,9,0,0.0
26-5-15,Kenton Najdzien,1625.52,29,20,9,0,0.0
26-5-22,Kenton Najdzien,1625.52,29,20,9,0,0.0
26-5-29,Kenton Najdzien,1625.52,29,20,9,0,0.0
26-6-05,Kenton Najdzien,1587.94,34,22,12,0,-37.58
26-6-12,Kenton Najdzien,1560.74,39,24,15,0,-27.2
26-6-14_RCQ,Kenton Najdzien,1560.74,39,24,15,0,0.0
26-6-26,Kenton Najdzien,1576.76,43,27,16,0,16.02
26-7-03,Kenton Najdzien,1576.76,43,27,16,0,0.0
26-7-10,Kenton Najdzien,1617.17,48,31,17,0,40.41
25-12-6_brainstormin_charity_tournament,Kevin Thanakit,1500.0,0,0,0,0,0.0
26-2-13,Kevin Thanakit,1500.0,0,0,0,0,0.0
26-2-20,Kevin Thanakit,1500.0,0,0,0,0,0.0
26-2-27,Kevin Thanakit,1500.0,0,0,0,0,0.0
26-3-07,Kevin Thanakit,1500.0,0,0,0,0,0.0
26-3-13,Kevin Thanakit,1500.0,0,0,0,0,0.0
26-3-20,Kevin Thanakit,1500.0,0,0,0,0,0.0
26-3-27,Kevin Thanakit,1556.92,5,4,1,0,56.92
26-4-03,Kevin Thanakit,1556.92,5,4,1,0,0.0
26-4-10,Kevin Thanakit,1602.83,10,8,2,0,45.9
26-4-24,Kevin Thanakit,1602.83,10,8,2,0,0.0
26-5-01,Kevin Thanakit,1602.83,10,8,2,0,0.0
26-5-08,Kevin Thanakit,1602.83,10,8,2,0,0.0
26-5-15,Kevin Thanakit,1602.83,10,8,2,0,0.0
26-5-22,Kevin Thanakit,1602.83,10,8,2,0,0.0
26-5-29,Kevin Thanakit,1602.83,10,8,2,0,0.0
26-6-05,Kevin Thanakit,1602.83,10,8,2,0,0.0
26-6-12,Kevin Thanakit,1602.83,10,8,2,0,0.0
26-6-14_RCQ,Kevin Thanakit,1602.83,10,8,2,0,0.0
26-6-26,Kevin Thanakit,1602.83,10,8,2,0,0.0
26-7-03,Kevin Thanakit,1602.83,10,8,2,0,0.0
26-7-10,Kevin Thanakit,1602.83,10,8,2,0,0.0
25-12-6_brainstormin_charity_tournament,Logan Hesch,1499.94,6,3,3,0,0.0
26-2-13,Logan Hesch,1499.94,6,3,3,0,0.0
26-2-20,Logan Hesch,1499.94,6,3,3,0,0.0
26-2-27,Logan Hesch,1519.65,11,6,5,0,19.71
26-3-07,Logan Hesch,1561.42,16,10,6,0,41.77
26-3-13,Logan Hesch,1572.75,21,13,8,0,11.33
26-3-20,Logan Hesch,1557.86,25,15,10,0,-14.88
26-3-27,Logan Hesch,1636.33,30,20,10,0,78.46
26-4-03,Logan Hesch,1592.23,34,21,13,0,-44.09
26-4-10,Logan Hesch,1561.2,39,23,16,0,-31.04
26-4-24,Logan Hesch,1561.2,39,23,16,0,0.0
26-5-01,Logan Hesch,1561.2,39,23,16,0,0.0
26-5-08,Logan Hesch,1561.2,39,23,16,0,0.0
26-5-15,Logan Hesch,1561.2,39,23,16,0,0.0
26-5-22,Logan Hesch,1561.2,39,23,16,0,0.0
26-5-29,Logan Hesch,1561.2,39,23,16,0,0.0
26-6-05,Logan Hesch,1561.2,39,23,16,0,0.0
26-6-12,Logan Hesch,1561.2,39,23,16,0,0.0
26-6-14_RCQ,Logan Hesch,1550.56,43,25,18,0,-10.64
26-6-26,Logan Hesch,1550.56,43,25,18,0,0.0
26-7-03,Logan Hesch,1550.56,43,25,18,0,0.0
26-7-10,Logan Hesch,1550.56,43,25,18,0,0.0
25-12-6_brainstormin_charity_tournament,Lucas Yang,1500.0,0,0,0,0,0.0
26-2-13,Lucas Yang,1500.0,0,0,0,0,0.0
26-2-20,Lucas Yang,1500.0,0,0,0,0,0.0
26-2-27,Lucas Yang,1500.0,0,0,0,0,0.0
26-3-07,Lucas Yang,1500.0,0,0,0,0,0.0
26-3-13,Lucas Yang,1500.0,0,0,0,0,0.0
26-3-20,Lucas Yang,1500.0,0,0,0,0,0.0
26-3-27,Lucas Yang,1500.0,0,0,0,0,0.0
26-4-03,Lucas Yang,1500.0,0,0,0,0,0.0
26-4-10,Lucas Yang,1500.0,0,0,0,0,0.0
26-4-24,Lucas Yang,1500.0,0,0,0,0,0.0
26-5-01,Lucas Yang,1500.0,0,0,0,0,0.0
26-5-08,Lucas Yang,1500.0,0,0,0,0,0.0
26-5-15,Lucas Yang,1500.0,0,0,0,0,0.0
26-5-22,Lucas Yang,1500.0,0,0,0,0,0.0
26-5-29,Lucas Yang,1500.0,0,0,0,0,0.0
26-6-05,Lucas Yang,1500.0,0,0,0,0,0.0
26-6-12,Lucas Yang,1500.0,0,0,0,0,0.0
26-6-14_RCQ,Lucas Yang,1500.0,0,0,0,0,0.0
26-6-26,Lucas Yang,1500.0,0,0,0,0,0.0
26-7-03,Lucas Yang,1500.0,0,0,0,0,0.0
26-7-10,Lucas Yang,1500.0,0,0,0,0,0.0
25-12-6_brainstormin_charity_tournament,Matt Rosenbloom,1469.43,6,2,4,0,0.0
26-2-13,Matt Rosenbloom,1469.43,6,2,4,0,0.0
26-2-20,Matt Rosenbloom,1469.43,6,2,4,0,0.0
26-2-27,Matt Rosenbloom,1469.43,6,2,4,0,0.0
26-3-07,Matt Rosenbloom,1469.43,6,2,4,0,0.0
26-3-13,Matt Rosenbloom,1469.43,6,2,4,0,0.0
26-3-20,Matt Rosenbloom,1469.43,6,2,4,0,0.0
26-3-27,Matt Rosenbloom,1469.43,6,2,4,0,0.0
26-4-03,Matt Rosenbloom,1469.43,6,2,4,0,0.0
26-4-10,Matt Rosenbloom,1469.43,6,2,4,0,0.0
26-4-24,Matt Rosenbloom,1469.43,6,2,4,0,0.0
26-5-01,Matt Rosenbloom,1469.43,6,2,4,0,0.0
26-5-08,Matt Rosenbloom,1469.43,6,2,4,0,0.0
26-5-15,Matt Rosenbloom,1469.43,6,2,4,0,0.0
26-5-22,Matt Rosenbloom,1469.43,6,2,4,0,0.0
26-5-29,Matt Rosenbloom,1469.43,6,2,4,0,0.0
26-6-05,Matt Rosenbloom,1469.43,6,2,4,0,0.0
26-6-12,Matt Rosenbloom,1469.43,6,2,4,0,0.0
26-6-14_RCQ,Matt Rosenbloom,1469.43,6,2,4,0,0.0
26-6-26,Matt Rosenbloom,1469.43,6,2,4,0,0.0
26-7-03,Matt Rosenbloom,1469.43,6,2,4,0,0.0
26-7-10,Matt Rosenbloom,1469.43,6,2,4,0,0.0
25-12-6_brainstormin_charity_tournament,Mike Adams,1530.05,6,4,2,0,0.0
26-2-13,Mike Adams,1558.21,10,7,3,0,28.15
26-2-20,Mike Adams,1531.88,15,9,6,0,-26.32
26-2-27,Mike Adams,1517.72,20,11,9,0,-14.17
26-3-07,Mike Adams,1550.83,24,14,10,0,33.11
26-3-13,Mike Adams,1550.83,24,14,10,0,0.0
26-3-20,Mike Adams,1493.36,29,15,14,0,-57.47
26-3-27,Mike Adams,1493.36,29,15,14,0,0.0
26-4-03,Mike Adams,1520.31,34,18,16,0,26.96
26-4-10,Mike Adams,1542.71,38,20,17,1,22.4
26-4-24,Mike Adams,1512.39,42,20,19,3,-30.32
26-5-01,Mike Adams,1501.42,47,22,21,4,-10.97
26-5-08,Mike Adams,1538.83,51,25,22,4,37.41
26-5-15,Mike Adams,1484.2,54,25,25,4,-54.63
26-5-22,Mike Adams,1484.2,54,25,25,4,0.0
26-5-29,Mike Adams,1518.13,58,28,26,4,33.93
26-6-05,Mike Adams,1473.88,61,28,29,4,-44.25
26-6-12,Mike Adams,1445.09,66,29,33,4,-28.79
26-6-14_RCQ,Mike Adams,1445.09,66,29,33,4,0.0
26-6-26,Mike Adams,1421.62,70,30,36,4,-23.47
26-7-03,Mike Adams,1421.62,70,30,36,4,0.0
26-7-10,Mike Adams,1376.04,74,30,40,4,-45.58
25-12-6_brainstormin_charity_tournament,Mike Laing,1530.69,6,4,2,0,0.0
26-2-13,Mike Laing,1558.87,10,7,3,0,28.18
26-2-20,Mike Laing,1558.87,10,7,3,0,0.0
26-2-27,Mike Laing,1558.87,10,7,3,0,0.0
26-3-07,Mike Laing,1572.97,15,10,5,0,14.11
26-3-13,Mike Laing,1526.94,19,11,8,0,-46.03
26-3-20,Mike Laing,1526.94,19,11,8,0,0.0
26-3-27,Mike Laing,1499.38,23,12,11,0,-27.55
26-4-03,Mike Laing,1486.46,27,13,13,1,-12.93
26-4-10,Mike Laing,1506.23,32,16,15,1,19.77
26-4-24,Mike Laing,1489.49,37,18,18,1,-16.74
26-5-01,Mike Laing,1515.56,42,21,20,1,26.07
26-5-08,Mike Laing,1507.7,47,23,23,1,-7.86
26-5-15,Mike Laing,1520.72,52,26,25,1,13.02
26-5-22,Mike Laing,1535.51,57,29,27,1,14.79
26-5-29,Mike Laing,1595.76,61,33,27,1,60.26
26-6-05,Mike Laing,1628.76,66,37,28,1,33.0
26-6-12,Mike Laing,1650.2,71,41,29,1,21.44
26-6-14_RCQ,Mike Laing,1650.2,71,41,29,1,0.0
26-6-26,Mike Laing,1603.67,76,43,32,1,-46.52
26-7-03,Mike Laing,1559.34,78,43,34,1,-44.33
26-7-10,Mike Laing,1526.08,83,45,37,1,-33.26
25-12-6_brainstormin_charity_tournament,Milo Brown,1561.1,4,4,0,0,0.0
26-2-13,Milo Brown,1580.75,9,7,1,1,19.65
26-2-20,Milo Brown,1580.75,9,7,1,1,0.0
26-2-27,Milo Brown,1576.62,14,10,3,1,-4.13
26-3-07,Milo Brown,1576.62,14,10,3,1,0.0
26-3-13,Milo Brown,1633.04,18,14,3,1,56.42
26-3-20,Milo Brown,1559.7,23,15,7,1,-73.34
26-3-27,Milo Brown,1559.7,23,15,7,1,0.0
26-4-03,Milo Brown,1559.7,23,15,7,1,0.0
26-4-10,Milo Brown,1596.12,28,19,8,1,36.42
26-4-24,Milo Brown,1596.12,28,19,8,1,0.0
26-5-01,Milo Brown,1596.12,28,19,8,1,0.0
26-5-08,Milo Brown,1594.52,33,22,10,1,-1.6
26-5-15,Milo Brown,1594.52,33,22,10,1,0.0
26-5-22,Milo Brown,1594.52,33,22,10,1,0.0
26-5-29,Milo Brown,1610.62,37,25,11,1,16.1
26-6-05,Milo Brown,1660.73,41,29,11,1,50.11
26-6-12,Milo Brown,1677.25,45,32,12,1,16.52
26-6-14_RCQ,Milo Brown,1645.17,49,34,14,1,-32.09
26-6-26,Milo Brown,1607.37,54,36,17,1,-37.79
26-7-03,Milo Brown,1660.93,58,40,17,1,53.56
26-7-10,Milo Brown,1699.62,62,44,17,1,38.69
25-12-6_brainstormin_charity_tournament,Nathan Choi,1529.14,6,4,2,0,0.0
26-2-13,Nathan Choi,1553.1,11,7,3,1,23.96
26-2-20,Nathan Choi,1553.1,11,7,3,1,0.0
26-2-27,Nathan Choi,1584.86,16,11,4,1,31.76
26-3-07,Nathan Choi,1563.46,21,13,6,2,-21.41
26-3-13,Nathan Choi,1566.51,26,16,8,2,3.05
26-3-20,Nathan Choi,1606.75,31,20,9,2,40.24
26-3-27,Nathan Choi,1637.07,36,24,10,2,30.33
26-4-03,Nathan Choi,1674.86,41,28,10,3,37.78
26-4-10,Nathan Choi,1683.5,46,32,11,3,8.64
26-4-24,Nathan Choi,1683.5,46,32,11,3,0.0
26-5-01,Nathan Choi,1627.92,51,34,14,3,-55.58
26-5-08,Nathan Choi,1576.85,55,35,17,3,-51.07
26-5-15,Nathan Choi,1632.76,59,39,17,3,55.91
26-5-22,Nathan Choi,1653.77,64,43,18,3,21.01
26-5-29,Nathan Choi,1653.77,64,43,18,3,0.0
26-6-05,Nathan Choi,1648.5,69,46,20,3,-5.27
26-6-12,Nathan Choi,1671.55,74,50,21,3,23.05
26-6-14_RCQ,Nathan Choi,1655.54,79,53,23,3,-16.02
26-6-26,Nathan Choi,1607.7,84,55,26,3,-47.84
26-7-03,Nathan Choi,1641.59,89,59,27,3,33.89
26-7-10,Nathan Choi,1636.07,94,62,29,3,-5.52
25-12-6_brainstormin_charity_tournament,Nathan Cormier,1469.59,6,2,4,0,0.0
26-2-13,Nathan Cormier,1469.59,6,2,4,0,0.0
26-2-20,Nathan Cormier,1523.3,11,6,5,0,53.71
26-2-27,Nathan Cormier,1502.14,16,8,8,0,-21.16
26-3-07,Nathan Cormier,1534.07,21,11,9,1,31.93
26-3-13,Nathan Cormier,1516.14,26,13,12,1,-17.93
26-3-20,Nathan Cormier,1516.14,26,13,12,1,0.0
26-3-27,Nathan Cormier,1508.8,29,14,14,1,-7.34
26-4-03,Nathan Cormier,1508.8,29,14,14,1,0.0
26-4-10,Nathan Cormier,1492.25,32,15,16,1,-16.54
26-4-24,Nathan Cormier,1492.25,32,15,16,1,0.0
26-5-01,Nathan Cormier,1522.82,37,18,17,2,30.57
26-5-08,Nathan Cormier,1510.83,42,20,20,2,-11.99
26-5-15,Nathan Cormier,1493.46,47,22,23,2,-17.37
26-5-22,Nathan Cormier,1493.46,47,22,23,2,0.0
26-5-29,Nathan Cormier,1491.57,51,24,25,2,-1.89
26-6-05,Nathan Cormier,1491.57,51,24,25,2,0.0
26-6-12,Nathan Cormier,1545.9,56,28,26,2,54.32
26-6-14_RCQ,Nathan Cormier,1530.44,61,30,29,2,-15.45
26-6-26,Nathan Cormier,1469.92,66,31,33,2,-60.52
26-7-03,Nathan Cormier,1434.73,71,32,37,2,-35.19
26-7-10,Nathan Cormier,1421.36,75,33,40,2,-13.37
25-12-6_brainstormin_charity_tournament,Pan Rasking,1500.0,0,0,0,0,0.0
26-2-13,Pan Rasking,1530.0,4,3,1,0,30.0
26-2-20,Pan Rasking,1530.0,4,3,1,0,0.0
26-2-27,Pan Rasking,1485.69,8,4,4,0,-44.31
26-3-07,Pan Rasking,1422.33,13,4,8,1,-63.36
26-3-13,Pan Rasking,1422.33,13,4,8,1,0.0
26-3-20,Pan Rasking,1422.33,13,4,8,1,0.0
26-3-27,Pan Rasking,1422.33,13,4,8,1,0.0
26-4-03,Pan Rasking,1510.88,18,8,8,2,88.55
26-4-10,Pan Rasking,1503.51,23,10,11,2,-7.37
26-4-24,Pan Rasking,1503.51,23,10,11,2,0.0
26-5-01,Pan Rasking,1474.7,27,11,14,2,-28.81
26-5-08,Pan Rasking,1474.7,27,11,14,2,0.0
26-5-15,Pan Rasking,1474.7,27,11,14,2,0.0
26-5-22,Pan Rasking,1474.7,27,11,14,2,0.0
26-5-29,Pan Rasking,1474.7,27,11,14,2,0.0
26-6-05,Pan Rasking,1474.7,27,11,14,2,0.0
26-6-12,Pan Rasking,1474.7,27,11,14,2,0.0
26-6-14_RCQ,Pan Rasking,1474.7,27,11,14,2,0.0
26-6-26,Pan Rasking,1474.7,27,11,14,2,0.0
26-7-03,Pan Rasking,1474.7,27,11,14,2,0.0
26-7-10,Pan Rasking,1474.7,27,11,14,2,0.0
25-12-6_brainstormin_charity_tournament,Patrick Brooks,1500.0,0,0,0,0,0.0
26-2-13,Patrick Brooks,1500.0,0,0,0,0,0.0
26-2-20,Patrick Brooks,1500.0,0,0,0,0,0.0
26-2-27,Patrick Brooks,1500.0,0,0,0,0,0.0
26-3-07,Patrick Brooks,1475.85,5,2,3,0,-24.15
26-3-13,Patrick Brooks,1475.85,5,2,3,0,0.0
26-3-20,Patrick Brooks,1457.25,10,4,6,0,-18.6
26-3-27,Patrick Brooks,1457.25,10,4,6,0,0.0
26-4-03,Patrick Brooks,1444.73,14,5,9,0,-12.52
26-4-10,Patrick Brooks,1444.73,14,5,9,0,0.0
26-4-24,Patrick Brooks,1444.73,14,5,9,0,0.0
26-5-01,Patrick Brooks,1444.73,14,5,9,0,0.0
26-5-08,Patrick Brooks,1444.73,14,5,9,0,0.0
26-5-15,Patrick Brooks,1444.73,14,5,9,0,0.0
26-5-22,Patrick Brooks,1444.73,14,5,9,0,0.0
26-5-29,Patrick Brooks,1444.73,14,5,9,0,0.0
26-6-05,Patrick Brooks,1444.73,14,5,9,0,0.0
26-6-12,Patrick Brooks,1444.73,14,5,9,0,0.0
26-6-14_RCQ,Patrick Brooks,1495.8,18,8,10,0,51.07
26-6-26,Patrick Brooks,1495.8,18,8,10,0,0.0
26-7-03,Patrick Brooks,1495.8,18,8,10,0,0.0
26-7-10,Patrick Brooks,1495.8,18,8,10,0,0.0
25-12-6_brainstormin_charity_tournament,Phil iwanow,1452.77,6,1,4,1,0.0
26-2-13,Phil iwanow,1425.71,8,1,6,1,-27.05
26-2-20,Phil iwanow,1425.71,8,1,6,1,0.0
26-2-27,Phil iwanow,1391.77,13,2,10,1,-33.94
26-3-07,Phil iwanow,1410.9,18,4,12,2,19.13
26-3-13,Phil iwanow,1393.03,23,5,15,3,-17.88
26-3-20,Phil iwanow,1372.28,28,6,19,3,-20.74
26-3-27,Phil iwanow,1384.33,33,8,22,3,12.05
26-4-03,Phil iwanow,1384.33,33,8,22,3,0.0
26-4-10,Phil iwanow,1384.33,33,8,22,3,0.0
26-4-24,Phil iwanow,1384.33,33,8,22,3,0.0
26-5-01,Phil iwanow,1419.38,38,11,24,3,35.05
26-5-08,Phil iwanow,1433.66,43,13,26,4,14.29
26-5-15,Phil iwanow,1467.86,48,16,28,4,34.19
26-5-22,Phil iwanow,1434.46,51,16,31,4,-33.39
26-5-29,Phil iwanow,1434.46,51,16,31,4,0.0
26-6-05,Phil iwanow,1468.72,56,19,33,4,34.25
26-6-12,Phil iwanow,1451.65,60,20,36,4,-17.07
26-6-14_RCQ,Phil iwanow,1443.76,65,22,39,4,-7.88
26-6-26,Phil iwanow,1439.37,70,24,42,4,-4.39
26-7-03,Phil iwanow,1506.61,74,28,42,4,67.24
26-7-10,Phil iwanow,1494.34,79,30,45,4,-12.27
25-12-6_brainstormin_charity_tournament,Ran Guo,1533.98,6,4,2,0,0.0
26-2-13,Ran Guo,1533.98,6,4,2,0,0.0
26-2-20,Ran Guo,1533.98,6,4,2,0,0.0
26-2-27,Ran Guo,1533.98,6,4,2,0,0.0
26-3-07,Ran Guo,1533.98,6,4,2,0,0.0
26-3-13,Ran Guo,1533.98,6,4,2,0,0.0
26-3-20,Ran Guo,1533.98,6,4,2,0,0.0
26-3-27,Ran Guo,1533.98,6,4,2,0,0.0
26-4-03,Ran Guo,1573.86,11,8,3,0,39.88
26-4-10,Ran Guo,1573.86,11,8,3,0,0.0
26-4-24,Ran Guo,1573.86,11,8,3,0,0.0
26-5-01,Ran Guo,1573.86,11,8,3,0,0.0
26-5-08,Ran Guo,1626.37,15,12,3,0,52.5
26-5-15,Ran Guo,1626.37,15,12,3,0,0.0
26-5-22,Ran Guo,1590.02,20,14,6,0,-36.35
26-5-29,Ran Guo,1590.02,20,14,6,0,0.0
26-6-05,Ran Guo,1590.02,20,14,6,0,0.0
26-6-12,Ran Guo,1552.86,24,15,9,0,-37.15
26-6-14_RCQ,Ran Guo,1560.86,29,18,11,0,8.0
26-6-26,Ran Guo,1572.81,34,21,13,0,11.95
26-7-03,Ran Guo,1572.81,34,21,13,0,0.0
26-7-10,Ran Guo,1572.81,34,21,13,0,0.0
25-12-6_brainstormin_charity_tournament,Raul Bottrell-Rogers,1499.97,6,3,3,0,0.0
26-2-13,Raul Bottrell-Rogers,1499.97,6,3,3,0,0.0
26-2-20,Raul Bottrell-Rogers,1499.97,6,3,3,0,0.0
26-2-27,Raul Bottrell-Rogers,1499.97,6,3,3,0,0.0
26-3-07,Raul Bottrell-Rogers,1499.97,6,3,3,0,0.0
26-3-13,Raul Bottrell-Rogers,1520.49,11,6,5,0,20.52
26-3-20,Raul Bottrell-Rogers,1533.58,16,9,7,0,13.09
26-3-27,Raul Bottrell-Rogers,1484.17,21,10,11,0,-49.4
26-4-03,Raul Bottrell-Rogers,1484.17,21,10,11,0,0.0
26-4-10,Raul Bottrell-Rogers,1476.33,26,12,14,0,-7.84
26-4-24,Raul Bottrell-Rogers,1476.33,26,12,14,0,0.0
26-5-01,Raul Bottrell-Rogers,1476.33,26,12,14,0,0.0
26-5-08,Raul Bottrell-Rogers,1476.33,26,12,14,0,0.0
26-5-15,Raul Bottrell-Rogers,1476.33,26,12,14,0,0.0
26-5-22,Raul Bottrell-Rogers,1476.33,26,12,14,0,0.0
26-5-29,Raul Bottrell-Rogers,1476.33,26,12,14,0,0.0
26-6-05,Raul Bottrell-Rogers,1476.33,26,12,14,0,0.0
26-6-12,Raul Bottrell-Rogers,1476.33,26,12,14,0,0.0
26-6-14_RCQ,Raul Bottrell-Rogers,1476.33,26,12,14,0,0.0
26-6-26,Raul Bottrell-Rogers,1476.33,26,12,14,0,0.0
26-7-03,Raul Bottrell-Rogers,1476.33,26,12,14,0,0.0
26-7-10,Raul Bottrell-Rogers,1476.33,26,12,14,0,0.0
25-12-6_brainstormin_charity_tournament,Reya Truher,1499.97,6,3,3,0,0.0
26-2-13,Reya Truher,1484.48,11,5,6,0,-15.49
26-2-20,Reya Truher,1484.48,11,5,6,0,0.0
26-2-27,Reya Truher,1506.07,16,8,8,0,21.6
26-3-07,Reya Truher,1484.3,21,10,11,0,-21.77
26-3-13,Reya Truher,1484.3,21,10,11,0,0.0
26-3-20,Reya Truher,1480.09,25,12,13,0,-4.21
26-3-27,Reya Truher,1477.15,30,14,16,0,-2.95
26-4-03,Reya Truher,1455.52,35,15,19,1,-21.62
26-4-10,Reya Truher,1446.27,40,17,22,1,-9.25
26-4-24,Reya Truher,1446.27,40,17,22,1,0.0
26-5-01,Reya Truher,1446.27,40,17,22,1,0.0
26-5-08,Reya Truher,1446.27,40,17,22,1,0.0
26-5-15,Reya Truher,1497.13,45,21,23,1,50.86
26-5-22,Reya Truher,1489.23,50,23,26,1,-7.9
26-5-29,Reya Truher,1489.23,50,23,26,1,0.0
26-6-05,Reya Truher,1489.23,50,23,26,1,0.0
26-6-12,Reya Truher,1489.23,50,23,26,1,0.0
26-6-14_RCQ,Reya Truher,1489.23,50,23,26,1,0.0
26-6-26,Reya Truher,1489.23,50,23,26,1,0.0
26-7-03,Reya Truher,1489.23,50,23,26,1,0.0
26-7-10,Reya Truher,1489.23,50,23,26,1,0.0
25-12-6_brainstormin_charity_tournament,Robert Scannevin,1500.0,0,0,0,0,0.0
26-2-13,Robert Scannevin,1500.0,0,0,0,0,0.0
26-2-20,Robert Scannevin,1500.0,0,0,0,0,0.0
26-2-27,Robert Scannevin,1500.0,0,0,0,0,0.0
26-3-07,Robert Scannevin,1500.0,0,0,0,0,0.0
26-3-13,Robert Scannevin,1500.0,0,0,0,0,0.0
26-3-20,Robert Scannevin,1500.0,0,0,0,0,0.0
26-3-27,Robert Scannevin,1500.0,0,0,0,0,0.0
26-4-03,Robert Scannevin,1500.0,0,0,0,0,0.0
26-4-10,Robert Scannevin,1500.0,0,0,0,0,0.0
26-4-24,Robert Scannevin,1500.0,0,0,0,0,0.0
26-5-01,Robert Scannevin,1500.0,0,0,0,0,0.0
26-5-08,Robert Scannevin,1481.17,5,2,3,0,-18.83
26-5-15,Robert Scannevin,1481.17,5,2,3,0,0.0
26-5-22,Robert Scannevin,1481.17,5,2,3,0,0.0
26-5-29,Robert Scannevin,1481.17,5,2,3,0,0.0
26-6-05,Robert Scannevin,1481.17,5,2,3,0,0.0
26-6-12,Robert Scannevin,1481.17,5,2,3,0,0.0
26-6-14_RCQ,Robert Scannevin,1481.17,5,2,3,0,0.0
26-6-26,Robert Scannevin,1481.17,5,2,3,0,0.0
26-7-03,Robert Scannevin,1481.17,5,2,3,0,0.0
26-7-10,Robert Scannevin,1481.17,5,2,3,0,0.0
25-12-6_brainstormin_charity_tournament,Roopak Dasararaju,1500.0,0,0,0,0,0.0
26-2-13,Roopak Dasararaju,1500.0,0,0,0,0,0.0
26-2-20,Roopak Dasararaju,1500.0,0,0,0,0,0.0
26-2-27,Roopak Dasararaju,1500.0,0,0,0,0,0.0
26-3-07,Roopak Dasararaju,1500.0,0,0,0,0,0.0
26-3-13,Roopak Dasararaju,1500.0,0,0,0,0,0.0
26-3-20,Roopak Dasararaju,1500.0,0,0,0,0,0.0
26-3-27,Roopak Dasararaju,1500.0,0,0,0,0,0.0
26-4-03,Roopak Dasararaju,1500.0,0,0,0,0,0.0
26-4-10,Roopak Dasararaju,1500.0,0,0,0,0,0.0
26-4-24,Roopak Dasararaju,1500.0,0,0,0,0,0.0
26-5-01,Roopak Dasararaju,1500.0,0,0,0,0,0.0
26-5-08,Roopak Dasararaju,1500.0,0,0,0,0,0.0
26-5-15,Roopak Dasararaju,1500.0,0,0,0,0,0.0
26-5-22,Roopak Dasararaju,1458.53,5,1,4,0,-41.47
26-5-29,Roopak Dasararaju,1458.53,5,1,4,0,0.0
26-6-05,Roopak Dasararaju,1458.53,5,1,4,0,0.0
26-6-12,Roopak Dasararaju,1499.1,9,4,5,0,40.57
26-6-14_RCQ,Roopak Dasararaju,1499.1,9,4,5,0,0.0
26-6-26,Roopak Dasararaju,1499.1,9,4,5,0,0.0
26-7-03,Roopak Dasararaju,1499.1,9,4,5,0,0.0
26-7-10,Roopak Dasararaju,1482.65,14,6,8,0,-16.45
25-12-6_brainstormin_charity_tournament,Ryan MacDonald,1562.44,6,5,1,0,0.0
26-2-13,Ryan MacDonald,1507.79,9,5,4,0,-54.65
26-2-20,Ryan MacDonald,1507.79,9,5,4,0,0.0
26-2-27,Ryan MacDonald,1507.79,9,5,4,0,0.0
26-3-07,Ryan MacDonald,1507.79,9,5,4,0,0.0
26-3-13,Ryan MacDonald,1507.79,9,5,4,0,0.0
26-3-20,Ryan MacDonald,1507.79,9,5,4,0,0.0
26-3-27,Ryan MacDonald,1507.79,9,5,4,0,0.0
26-4-03,Ryan MacDonald,1507.79,9,5,4,0,0.0
26-4-10,Ryan MacDonald,1507.79,9,5,4,0,0.0
26-4-24,Ryan MacDonald,1507.79,9,5,4,0,0.0
26-5-01,Ryan MacDonald,1507.79,9,5,4,0,0.0
26-5-08,Ryan MacDonald,1507.79,9,5,4,0,0.0
26-5-15,Ryan MacDonald,1507.79,9,5,4,0,0.0
26-5-22,Ryan MacDonald,1507.79,9,5,4,0,0.0
26-5-29,Ryan MacDonald,1507.79,9,5,4,0,0.0
26-6-05,Ryan MacDonald,1497.94,14,7,7,0,-9.85
26-6-12,Ryan MacDonald,1517.27,19,10,9,0,19.33
26-6-14_RCQ,Ryan MacDonald,1515.04,23,12,11,0,-2.23
26-6-26,Ryan MacDonald,1515.04,23,12,11,0,0.0
26-7-03,Ryan MacDonald,1515.04,23,12,11,0,0.0
26-7-10,Ryan MacDonald,1515.04,23,12,11,0,0.0
25-12-6_brainstormin_charity_tournament,Sam Feeley,1500.0,0,0,0,0,0.0
26-2-13,Sam Feeley,1500.0,0,0,0,0,0.0
26-2-20,Sam Feeley,1500.0,0,0,0,0,0.0
26-2-27,Sam Feeley,1500.0,0,0,0,0,0.0
26-3-07,Sam Feeley,1500.0,0,0,0,0,0.0
26-3-13,Sam Feeley,1486.37,3,1,2,0,-13.63
26-3-20,Sam Feeley,1504.21,8,4,4,0,17.84
26-3-27,Sam Feeley,1504.21,8,4,4,0,0.0
26-4-03,Sam Feeley,1504.21,8,4,4,0,0.0
26-4-10,Sam Feeley,1504.21,8,4,4,0,0.0
26-4-24,Sam Feeley,1504.21,8,4,4,0,0.0
26-5-01,Sam Feeley,1504.21,8,4,4,0,0.0
26-5-08,Sam Feeley,1504.21,8,4,4,0,0.0
26-5-15,Sam Feeley,1504.21,8,4,4,0,0.0
26-5-22,Sam Feeley,1504.21,8,4,4,0,0.0
26-5-29,Sam Feeley,1504.21,8,4,4,0,0.0
26-6-05,Sam Feeley,1504.21,8,4,4,0,0.0
26-6-12,Sam Feeley,1480.39,13,6,7,0,-23.82
26-6-14_RCQ,Sam Feeley,1480.39,13,6,7,0,0.0
26-6-26,Sam Feeley,1480.39,13,6,7,0,0.0
26-7-03,Sam Feeley,1480.39,13,6,7,0,0.0
26-7-10,Sam Feeley,1480.39,13,6,7,0,0.0
25-12-6_brainstormin_charity_tournament,Simon Kavanagh,1500.0,0,0,0,0,0.0
26-2-13,Simon Kavanagh,1500.0,0,0,0,0,0.0
26-2-20,Simon Kavanagh,1500.0,0,0,0,0,0.0
26-2-27,Simon Kavanagh,1500.0,0,0,0,0,0.0
26-3-07,Simon Kavanagh,1500.0,0,0,0,0,0.0
26-3-13,Simon Kavanagh,1500.0,0,0,0,0,0.0
26-3-20,Simon Kavanagh,1500.0,0,0,0,0,0.0
26-3-27,Simon Kavanagh,1500.0,0,0,0,0,0.0
26-4-03,Simon Kavanagh,1500.0,0,0,0,0,0.0
26-4-10,Simon Kavanagh,1500.0,0,0,0,0,0.0
26-4-24,Simon Kavanagh,1500.0,0,0,0,0,0.0
26-5-01,Simon Kavanagh,1500.0,0,0,0,0,0.0
26-5-08,Simon Kavanagh,1500.0,0,0,0,0,0.0
26-5-15,Simon Kavanagh,1500.0,0,0,0,0,0.0
26-5-22,Simon Kavanagh,1487.2,5,2,3,0,-12.8
26-5-29,Simon Kavanagh,1487.2,5,2,3,0,0.0
26-6-05,Simon Kavanagh,1487.2,5,2,3,0,0.0
26-6-12,Simon Kavanagh,1487.2,5,2,3,0,0.0
26-6-14_RCQ,Simon Kavanagh,1487.2,5,2,3,0,0.0
26-6-26,Simon Kavanagh,1487.2,5,2,3,0,0.0
26-7-03,Simon Kavanagh,1487.2,5,2,3,0,0.0
26-7-10,Simon Kavanagh,1487.2,5,2,3,0,0.0
25-12-6_brainstormin_charity_tournament,Stan Kornacki,1561.8,4,4,0,0,0.0
26-2-13,Stan Kornacki,1626.17,9,9,0,0,64.37
26-2-20,Stan Kornacki,1595.03,14,11,2,1,-31.14
26-2-27,Stan Kornacki,1621.01,19,15,3,1,25.98
26-3-07,Stan Kornacki,1588.09,24,17,6,1,-32.92
26-3-13,Stan Kornacki,1588.09,24,17,6,1,0.0
26-3-20,Stan Kornacki,1552.54,29,19,9,1,-35.55
26-3-27,Stan Kornacki,1536.01,34,21,12,1,-16.52
26-4-03,Stan Kornacki,1584.07,39,25,13,1,48.06
26-4-10,Stan Kornacki,1583.42,44,28,15,1,-0.65
26-4-24,Stan Kornacki,1583.42,44,28,15,1,0.0
26-5-01,Stan Kornacki,1583.42,44,28,15,1,0.0
26-5-08,Stan Kornacki,1583.42,44,28,15,1,0.0
26-5-15,Stan Kornacki,1599.9,48,31,16,1,16.49
26-5-22,Stan Kornacki,1548.41,52,32,19,1,-51.5
26-5-29,Stan Kornacki,1548.41,52,32,19,1,0.0
26-6-05,Stan Kornacki,1571.34,57,35,21,1,22.93
26-6-12,Stan Kornacki,1571.34,57,35,21,1,0.0
26-6-14_RCQ,Stan Kornacki,1571.34,57,35,21,1,0.0
26-6-26,Stan Kornacki,1597.44,61,38,22,1,26.1
26-7-03,Stan Kornacki,1597.44,61,38,22,1,0.0
26-7-10,Stan Kornacki,1575.7,66,40,25,1,-21.74
25-12-6_brainstormin_charity_tournament,Stella Burfeind,1527.29,6,4,2,0,0.0
26-2-13,Stella Burfeind,1505.58,11,6,5,0,-21.71
26-2-20,Stella Burfeind,1468.7,15,7,8,0,-36.88
26-2-27,Stella Burfeind,1468.7,15,7,8,0,0.0
26-3-07,Stella Burfeind,1517.14,20,11,9,0,48.44
26-3-13,Stella Burfeind,1495.37,25,13,12,0,-21.78
26-3-20,Stella Burfeind,1464.84,29,14,15,0,-30.53
26-3-27,Stella Burfeind,1491.8,34,17,17,0,26.96
26-4-03,Stella Burfeind,1484.5,39,18,19,2,-7.3
26-4-10,Stella Burfeind,1495.38,44,20,21,3,10.88
26-4-24,Stella Burfeind,1499.3,49,22,23,4,3.92
26-5-01,Stella Burfeind,1499.3,49,22,23,4,0.0
26-5-08,Stella Burfeind,1499.3,49,22,23,4,0.0
26-5-15,Stella Burfeind,1481.81,54,24,26,4,-17.49
26-5-22,Stella Burfeind,1537.32,59,28,27,4,55.52
26-5-29,Stella Burfeind,1537.32,59,28,27,4,0.0
26-6-05,Stella Burfeind,1498.55,63,29,30,4,-38.77
26-6-12,Stella Burfeind,1498.55,63,29,30,4,0.0
26-6-14_RCQ,Stella Burfeind,1498.55,63,29,30,4,0.0
26-6-26,Stella Burfeind,1504.68,67,31,32,4,6.13
26-7-03,Stella Burfeind,1517.0,72,34,34,4,12.33
26-7-10,Stella Burfeind,1488.35,76,35,37,4,-28.65
25-12-6_brainstormin_charity_tournament,Taylor Pratt,1500.0,0,0,0,0,0.0
26-2-13,Taylor Pratt,1500.0,0,0,0,0,0.0
26-2-20,Taylor Pratt,1500.0,0,0,0,0,0.0
26-2-27,Taylor Pratt,1500.0,0,0,0,0,0.0
26-3-07,Taylor Pratt,1500.0,0,0,0,0,0.0
26-3-13,Taylor Pratt,1500.0,0,0,0,0,0.0
26-3-20,Taylor Pratt,1500.0,0,0,0,0,0.0
26-3-27,Taylor Pratt,1500.0,0,0,0,0,0.0
26-4-03,Taylor Pratt,1506.19,5,3,2,0,6.19
26-4-10,Taylor Pratt,1506.19,5,3,2,0,0.0
26-4-24,Taylor Pratt,1506.19,5,3,2,0,0.0
26-5-01,Taylor Pratt,1559.71,10,7,2,1,53.51
26-5-08,Taylor Pratt,1559.71,10,7,2,1,0.0
26-5-15,Taylor Pratt,1559.71,10,7,2,1,0.0
26-5-22,Taylor Pratt,1559.71,10,7,2,1,0.0
26-5-29,Taylor Pratt,1559.71,10,7,2,1,0.0
26-6-05,Taylor Pratt,1559.71,10,7,2,1,0.0
26-6-12,Taylor Pratt,1559.71,10,7,2,1,0.0
26-6-14_RCQ,Taylor Pratt,1577.93,14,10,3,1,18.22
26-6-26,Taylor Pratt,1577.93,14,10,3,1,0.0
26-7-03,Taylor Pratt,1577.93,14,10,3,1,0.0
26-7-10,Taylor Pratt,1577.93,14,10,3,1,0.0
25-12-6_brainstormin_charity_tournament,Terry Eleftherakis,1470.07,4,1,3,0,0.0
26-2-13,Terry Eleftherakis,1493.04,9,4,5,0,22.97
26-2-20,Terry Eleftherakis,1493.04,9,4,5,0,0.0
26-2-27,Terry Eleftherakis,1493.04,9,4,5,0,0.0
26-3-07,Terry Eleftherakis,1462.52,13,5,8,0,-30.52
26-3-13,Terry Eleftherakis,1434.68,17,6,11,0,-27.84
26-3-20,Terry Eleftherakis,1434.68,17,6,11,0,0.0
26-3-27,Terry Eleftherakis,1409.62,19,6,13,0,-25.06
26-4-03,Terry Eleftherakis,1409.62,19,6,13,0,0.0
26-4-10,Terry Eleftherakis,1409.62,19,6,13,0,0.0
26-4-24,Terry Eleftherakis,1409.62,19,6,13,0,0.0
26-5-01,Terry Eleftherakis,1445.14,24,9,15,0,35.52
26-5-08,Terry Eleftherakis,1445.14,24,9,15,0,0.0
26-5-15,Terry Eleftherakis,1424.08,28,10,18,0,-21.05
26-5-22,Terry Eleftherakis,1424.08,28,10,18,0,0.0
26-5-29,Terry Eleftherakis,1424.08,28,10,18,0,0.0
26-6-05,Terry Eleftherakis,1424.08,28,10,18,0,0.0
26-6-12,Terry Eleftherakis,1424.08,28,10,18,0,0.0
26-6-14_RCQ,Terry Eleftherakis,1424.08,28,10,18,0,0.0
26-6-26,Terry Eleftherakis,1424.08,28,10,18,0,0.0
26-7-03,Terry Eleftherakis,1387.43,33,11,22,0,-36.65
26-7-10,Terry Eleftherakis,1387.43,33,11,22,0,0.0
25-12-6_brainstormin_charity_tournament,Timofey Tylik,1500.0,0,0,0,0,0.0
26-2-13,Timofey Tylik,1500.0,0,0,0,0,0.0
26-2-20,Timofey Tylik,1500.0,0,0,0,0,0.0
26-2-27,Timofey Tylik,1471.07,4,1,3,0,-28.93
26-3-07,Timofey Tylik,1507.75,8,4,4,0,36.68
26-3-13,Timofey Tylik,1507.75,8,4,4,0,0.0
26-3-20,Timofey Tylik,1507.75,8,4,4,0,0.0
26-3-27,Timofey Tylik,1507.75,8,4,4,0,0.0
26-4-03,Timofey Tylik,1507.75,8,4,4,0,0.0
26-4-10,Timofey Tylik,1507.75,8,4,4,0,0.0
26-4-24,Timofey Tylik,1507.75,8,4,4,0,0.0
26-5-01,Timofey Tylik,1507.75,8,4,4,0,0.0
26-5-08,Timofey Tylik,1507.75,8,4,4,0,0.0
26-5-15,Timofey Tylik,1507.75,8,4,4,0,0.0
26-5-22,Timofey Tylik,1507.75,8,4,4,0,0.0
26-5-29,Timofey Tylik,1507.75,8,4,4,0,0.0
26-6-05,Timofey Tylik,1564.0,12,8,4,0,56.25
26-6-12,Timofey Tylik,1564.0,12,8,4,0,0.0
26-6-14_RCQ,Timofey Tylik,1531.95,17,10,7,0,-32.06
26-6-26,Timofey Tylik,1552.12,21,13,8,0,20.18
26-7-03,Timofey Tylik,1552.12,21,13,8,0,0.0
26-7-10,Timofey Tylik,1552.12,21,13,8,0,0.0
25-12-6_brainstormin_charity_tournament,Veronica Kirtley,1531.3,6,4,2,0,0.0
26-2-13,Veronica Kirtley,1496.14,11,5,5,1,-35.16
26-2-20,Veronica Kirtley,1496.14,11,5,5,1,0.0
26-2-27,Veronica Kirtley,1496.14,11,5,5,1,0.0
26-3-07,Veronica Kirtley,1496.14,11,5,5,1,0.0
26-3-13,Veronica Kirtley,1496.14,11,5,5,1,0.0
26-3-20,Veronica Kirtley,1496.14,11,5,5,1,0.0
26-3-27,Veronica Kirtley,1496.14,11,5,5,1,0.0
26-4-03,Veronica Kirtley,1496.14,11,5,5,1,0.0
26-4-10,Veronica Kirtley,1496.14,11,5,5,1,0.0
26-4-24,Veronica Kirtley,1496.14,11,5,5,1,0.0
26-5-01,Veronica Kirtley,1496.14,11,5,5,1,0.0
26-5-08,Veronica Kirtley,1496.14,11,5,5,1,0.0
26-5-15,Veronica Kirtley,1517.86,16,8,7,1,21.72
26-5-22,Veronica Kirtley,1566.97,21,12,8,1,49.1
26-5-29,Veronica Kirtley,1566.97,21,12,8,1,0.0
26-6-05,Veronica Kirtley,1566.97,21,12,8,1,0.0
26-6-12,Veronica Kirtley,1566.97,21,12,8,1,0.0
26-6-14_RCQ,Veronica Kirtley,1566.97,21,12,8,1,0.0
26-6-26,Veronica Kirtley,1566.97,21,12,8,1,0.0
26-7-03,Veronica Kirtley,1566.97,21,12,8,1,0.0
26-7-10,Veronica Kirtley,1566.97,21,12,8,1,0.0
25-12-6_brainstormin_charity_tournament,Winston Wong,1500.0,0,0,0,0,0.0
26-2-13,Winston Wong,1500.0,0,0,0,0,0.0
26-2-20,Winston Wong,1500.0,0,0,0,0,0.0
26-2-27,Winston Wong,1500.0,0,0,0,0,0.0
26-3-07,Winston Wong,1500.0,0,0,0,0,0.0
26-3-13,Winston Wong,1500.0,0,0,0,0,0.0
26-3-20,Winston Wong,1500.0,0,0,0,0,0.0
26-3-27,Winston Wong,1500.0,0,0,0,0,0.0
26-4-03,Winston Wong,1501.29,5,2,2,1,1.29
26-4-10,Winston Wong,1485.8,10,4,5,1,-15.49
26-4-24,Winston Wong,1476.79,11,4,6,1,-9.01
26-5-01,Winston Wong,1516.7,16,7,7,2,39.91
26-5-08,Winston Wong,1497.65,21,9,10,2,-19.04
26-5-15,Winston Wong,1466.33,23,9,12,2,-31.32
26-5-22,Winston Wong,1459.6,26,10,14,2,-6.73
26-5-29,Winston Wong,1459.6,26,10,14,2,0.0
26-6-05,Winston Wong,1449.47,29,11,16,2,-10.13
26-6-12,Winston Wong,1449.47,29,11,16,2,0.0
26-6-14_RCQ,Winston Wong,1449.47,29,11,16,2,0.0
26-6-26,Winston Wong,1427.0,34,13,19,2,-22.47
26-7-03,Winston Wong,1427.0,34,13,19,2,0.0
26-7-10,Winston Wong,1408.75,38,14,22,2,-18.25
